cause,effect,weight,abs_weight,marginal_corr,abs_marginal_corr
Morgan Bit 378,EQE (%),0.24422402333314067,0.24422402333314067,0.26145630606025955,0.26145630606025955
Morgan Bit 1380,EQE (%),0.09498922073258437,0.09498922073258437,0.21059907799499158,0.21059907799499158
Bit 121,EQE (%),0.08857237850360289,0.08857237850360289,0.22185437826729226,0.22185437826729226
Morgan Bit 45,EQE (%),0.0810346402181851,0.0810346402181851,0.19654801619327006,0.19654801619327006
Bit 101,EQE (%),0.07445027304752765,0.07445027304752765,0.24962490257718692,0.24962490257718692
